﻿<configs>
  <append xpath="/windows">

    <window name="windowLockPicking" width="1000" height="500" panel="Center" controller="PickLocking, SCore" cursor_area="true" >
      <panel name="header" height="80" depth="1" backgroundspritename="ui_game_panel_header">
        <sprite depth="2" name="windowIcon" style="icon32px" pos="4,-5" sprite="ui_game_symbol_pen"/>
        <label style="header.name" text_key="advancedlockpicking_desc" width="800" height="300" font_size="30" overflow="resizefreely"/>
      </panel>
    </window>
  </append>
  
	<!-- button code from OCB7D2D/OcbPinRecipes from ocbMaurice -->
  <append xpath="/windows/window[@name='windowLooting']//rect[@controller='ContainerStandardControls']">
		<button depth="3" name="btnBroadcast"
				sprite="ui_game_symbol_bc"
				tooltip_key="xuiPinGrab"
				pos="154, -22" pivot="center"
				style="icon32px, press, hover" 
				visible="{broadcastManager}"
				sound="[paging_click]" />
	</append>
	
</configs>