<configs>
	<append xpath="/Sounds">
		<SoundDataNode name="RobinSounds">
			<AudioSource name="Sounds/AudioSource_Creatures"/>
			<AudioClip ClipName="#@modfolder:Resources/BirdSounds.unity3d?Robin"/>
			<Channel name="Mouth"/>
			<Priority name="5"/>
			<maxVoicesPerEntity value="3"/>
			<LowestPitch name="0.95"/>
			<HighestPitch name="1.05"/>
			<LocalCrouchVolumeScale value="1.0"/> <CrouchNoiseScale value="0.5"/> <NoiseScale value="1"/> <MaxVoices value="10"/> <MaxRepeatRate value="15"/> 
		</SoundDataNode>	
		<SoundDataNode name="CrowRandom">
			<AudioSource name="Sounds/AudioSource_Creatures"/>
			<AudioClip ClipName="#@modfolder:Resources/BirdSounds.unity3d?Crow1"/>
			<AudioClip ClipName="#@modfolder:Resources/BirdSounds.unity3d?Crow3"/>
			<AudioClip ClipName="#@modfolder:Resources/BirdSounds.unity3d?Crow4"/>
			<AudioClip ClipName="#@modfolder:Resources/BirdSounds.unity3d?Crow5"/>
			<AudioClip ClipName="#@modfolder:Resources/BirdSounds.unity3d?Crow6"/>
			<AudioClip ClipName="#@modfolder:Resources/BirdSounds.unity3d?Crow7"/>
			<AudioClip ClipName="#@modfolder:Resources/BirdSounds.unity3d?Crow8"/>	
			<AudioClip ClipName="#@modfolder:Resources/BirdSounds.unity3d?Crow9"/>
			<Channel name="Mouth"/>
			<Priority name="5"/>
			<maxVoicesPerEntity value="1"/>
			<LowestPitch name="0.95"/>
			<HighestPitch name="1.05"/>
			<LocalCrouchVolumeScale value="1.0"/> <CrouchNoiseScale value="0.5"/> <NoiseScale value="1"/> <MaxVoices value="10"/> <MaxRepeatRate value="3"/> 
		</SoundDataNode>
		<SoundDataNode name="CrowAttack">
			<AudioSource name="Sounds/AudioSource_Creatures"/>
			<AudioClip ClipName="#@modfolder:Resources/BirdSounds.unity3d?Crow11"/>				
			<Channel name="Mouth"/>
			<Priority name="5"/>
			<maxVoicesPerEntity value="1"/>
			<LowestPitch name="0.95"/>
			<HighestPitch name="1.05"/>
			<LocalCrouchVolumeScale value="1.0"/> <CrouchNoiseScale value="0.5"/> <NoiseScale value="1"/> <MaxVoices value="10"/> <MaxRepeatRate value="3"/> 
		</SoundDataNode>		
		<SoundDataNode name="BatRandom">
			<AudioSource name="Sounds/AudioSource_Creatures"/>
			<AudioClip ClipName="#@modfolder:Resources/BirdSounds.unity3d?BatIdle"/>
			<AudioClip ClipName="#@modfolder:Resources/BirdSounds.unity3d?BatIdle2"/>			
			<Channel name="Mouth"/>
			<Priority name="5"/>
			<maxVoicesPerEntity value="3"/>
			<LowestPitch name="0.95"/>
			<HighestPitch name="1.05"/>
			<LocalCrouchVolumeScale value="1.0"/> <CrouchNoiseScale value="0.5"/> <NoiseScale value="1"/> <MaxVoices value="10"/> <MaxRepeatRate value="3"/> 
		</SoundDataNode>	
		<SoundDataNode name="BatAttack">
			<AudioSource name="Sounds/AudioSource_Creatures"/>
			<AudioClip ClipName="#@modfolder:Resources/BirdSounds.unity3d?BatAttack"/>
			<Channel name="Mouth"/>
			<Priority name="5"/>
			<maxVoicesPerEntity value="1"/>
			<LowestPitch name="0.95"/>
			<HighestPitch name="1.05"/>
			<LocalCrouchVolumeScale value="1.0"/> <CrouchNoiseScale value="0.5"/> <NoiseScale value="1"/> <MaxVoices value="10"/> <MaxRepeatRate value="3"/> 
		</SoundDataNode>			
		<SoundDataNode name="BatHurt">
			<AudioSource name="Sounds/AudioSource_Creatures"/>
			<AudioClip ClipName="#@modfolder:Resources/BirdSounds.unity3d?BatHurt"/>
			<Channel name="Mouth"/>
			<Priority name="5"/>
			<maxVoicesPerEntity value="1"/>
			<LowestPitch name="0.95"/>
			<HighestPitch name="1.05"/>
			<LocalCrouchVolumeScale value="1.0"/> <CrouchNoiseScale value="0.5"/> <NoiseScale value="1"/> <MaxVoices value="10"/> <MaxRepeatRate value="3"/> 
		</SoundDataNode>			
		<SoundDataNode name="EagleSounds">
			<AudioSource name="Sounds/AudioSource_Creatures"/>
			<AudioClip ClipName="#@modfolder:Resources/BirdSounds.unity3d?EagleSound"/>
			<Channel name="Mouth"/>
			<Priority name="5"/>
			<maxVoicesPerEntity value="1"/>
			<LowestPitch name="0.95"/>
			<HighestPitch name="1.05"/>
			<LocalCrouchVolumeScale value="1.0"/> <CrouchNoiseScale value="0.5"/> <NoiseScale value="1"/> <MaxVoices value="10"/> <MaxRepeatRate value="8"/> 
		</SoundDataNode>			
		<SoundDataNode name="AlcatrazSounds">
			<AudioSource name="Sounds/AudioSource_Creatures"/>
			<AudioClip ClipName="#@modfolder:Resources/BirdSounds.unity3d?AlcatrazSound"/>
			<Channel name="Mouth"/>
			<Priority name="5"/>
			<maxVoicesPerEntity value="1"/>
			<LowestPitch name="0.95"/>
			<HighestPitch name="1.05"/>
			<LocalCrouchVolumeScale value="1.0"/> <CrouchNoiseScale value="0.5"/> <NoiseScale value="1"/> <MaxVoices value="10"/> <MaxRepeatRate value="8"/> 
		</SoundDataNode>		
	</append>	
</configs>