<configs>
	<append xpath="/blocks">	
		<block name="VideoTV"> 
			<property name="CreativeMode" value="Player"/>
			<property name="Shape" value="ModelEntity" />
			<property name="Model" value="#@modfolder:Resources/VideoTVs.unity3d?VideoTV_X" />  <!-- Video Player TV Model by VX-Designs is licensed under CC Attribution -->
			<property name="Class" value="Switch"/>		
            <property name="DisplayType" value="blockElectrical" />
            <property name="RequiredPower" value="0"/>
            <property name="CreativeMode" value="Player"/>
			<property name="TriggerType" value="Switch"/> 
			<property name="CustomIcon" value="VideoPlayer" />
			<property name="Material" value="Mmetal_medium"/>
			<property name="Collide" value="movement,melee,bullet,arrow,rocket"/>
			<property name="StabilitySupport" value="true"/>
			<property name="ImposterDontBlock" value="true"/>
			<property name="Place" value="TowardsPlacerInverted"/>
			<property name="Stacknumber" value="1"/>
			<property name="TakeDelay" value="5"/>
			<property name="EconomicValue" value="2000"/>
			<property name="UnlockedBy" value="perkAdvancedEngineering"/>
<!--			<property name="ActivationDistance" value="3"/> -->
			<drop event="Harvest" name="terrStone" count="0" tool_category="Disassemble"/>
			<drop event="Harvest" name="resourceElectricParts" count="1,4" tag="salvageHarvest"/> 
			<drop event="Destroy" name="resourceScrapIron" count="5" prob="1"/>
			<drop event="Fall" name="scrapMetalPile" count="1" prob="0.75" stick_chance="1"/>
		</block>
		<block name="TVWall"> 
			<property name="CreativeMode" value="Player"/>
			<property name="Shape" value="ModelEntity" />
			<property name="Model" value="#@modfolder:Resources/VideoTVs.unity3d?TVWall_X" />  <!-- Video Player TV Model by GameSpace is licensed under CC Attribution -->
			<property name="Class" value="Switch"/>		
            <property name="DisplayType" value="blockElectrical" />
			<property name="RuntimeSwitch" value="true"/>
			<property name="UnlockedBy" value="perkAdvancedEngineering"/>
            <property name="RequiredPower" value="0"/>
            <property name="CreativeMode" value="Player"/>
			<property name="TriggerType" value="Switch"/> 
			<property name="CustomIcon" value="TVWall" />
			<property name="Material" value="Mmetal_medium"/>
			<property name="Collide" value="movement,melee,bullet,arrow,rocket"/>
			<property name="StabilitySupport" value="true"/>
			<property name="ImposterDontBlock" value="true"/>
			<property name="Place" value="TowardsPlacerInverted"/>
			<property name="Stacknumber" value="1"/>
			<property name="TakeDelay" value="5"/>
			<property name="EconomicValue" value="2000"/>
<!--			<property name="ActivationDistance" value="5"/> -->
			<drop event="Harvest" name="terrStone" count="0" tool_category="Disassemble"/>
			<drop event="Harvest" name="resourceElectricParts" count="1,4" tag="salvageHarvest"/> 
			<drop event="Destroy" name="resourceScrapIron" count="5" prob="1"/>
			<drop event="Fall" name="scrapMetalPile" count="1" prob="0.75" stick_chance="1"/>
		</block>
		
		<block name="TVWallPOIActive"> <!--this will play and loop video0 in pois  -->
			<property name="CreativeMode" value="Player"/>
			<property name="Shape" value="ModelEntity" />
			<property name="Model" value="#@modfolder:Resources/VideoTVs.unity3d?TVWall_X" />  <!-- Video Player TV Model by GameSpace is licensed under CC Attribution -->
			<property name="Class" value="BlockPowered"/>	
            <property name="DisplayType" value="blockElectrical" />
			<property name="RuntimeSwitch" value="true"/> 
			<property name="UnlockedBy" value="perkAdvancedEngineering"/>
            <property name="RequiredPower" value="-1"/>
			<property name="PoweredType" value=""/>
            <property name="CreativeMode" value="Player"/>
			<property name="CustomIcon" value="TVWall" />
			<property name="Material" value="Mmetal_medium"/>
			<property name="Collide" value="movement,melee,bullet,arrow,rocket"/>
			<property name="StabilitySupport" value="true"/>
			<property name="ImposterDontBlock" value="true"/>
			<property name="Place" value="TowardsPlacerInverted"/>
			<property name="Stacknumber" value="1"/>
			<property name="TakeDelay" value="5"/>
			<property name="EconomicValue" value="2000"/>
			<drop event="Harvest" name="terrStone" count="0" tool_category="Disassemble"/>
			<drop event="Harvest" name="resourceElectricParts" count="1,4" tag="salvageHarvest"/> 
			<drop event="Destroy" name="resourceScrapIron" count="5" prob="1"/>
			<drop event="Fall" name="scrapMetalPile" count="1" prob="0.75" stick_chance="1"/>
		</block>
		
		<block name="TheaterScreen"> <!-- rotates 3 .mp4 video files of your choosing assuming you encoded them correctly -->
			<property name="CreativeMode" value="Player"/>
			<property name="Shape" value="ModelEntity" />
			<property name="Model" value="#@modfolder:Resources/VideoTVs.unity3d?VideoScreen_X" /> <!-- Free model by stepanprokop -->
			<property name="Class" value="Switch"/>		
            <property name="DisplayType" value="blockElectrical" />
            <property name="RequiredPower" value="0"/>
            <property name="CreativeMode" value="Player"/>
			<property name="TriggerType" value="Switch"/> 
			<property name="CustomIcon" value="TheaterScreen" />
			<property name="MultiBlockDim" value="8,5,1" />
			<property name="Material" value="Mmetal_medium"/>
			<property name="IsTerrainDecoration" value="true"/>
			<property name="OnlySimpleRotations" value="true"/>
			<property name="Collide" value="movement,melee,bullet,arrow,rocket"/>
			<property name="StabilitySupport" value="true"/>
			<property name="ImposterDontBlock" value="true"/>
			<property name="Place" value="TowardsPlacerInverted"/>
			<property name="Stacknumber" value="1"/>
			<property name="TakeDelay" value="5"/>
			<property name="EconomicValue" value="2000"/>
			<property name="Group" value="Science"/>
			<property name="UnlockedBy" value="perkAdvancedEngineering"/>
			<property class="RepairItems"> <property name="resourceForgedIron" value="1"/> <property name="resourceElectricParts" value="3"/> </property>
			<drop event="Harvest" name="terrStone" count="0" tool_category="Disassemble"/>
			<drop event="Harvest" name="resourceElectricParts" count="1,4" tag="salvageHarvest"/> 
			<drop event="Destroy" name="resourceScrapIron" count="5" prob="1"/>
			<drop event="Fall" name="scrapMetalPile" count="1" prob="0.75" stick_chance="1"/>
		</block>
		<block name="BillboardVideoMP4"> <!-- rotates 3 .mp4 video files of your choosing assuming you encoded them correctly -->
			<property name="CreativeMode" value="Player"/>
			<property name="Shape" value="ModelEntity" />
			<property name="Model" value="#@modfolder:Resources/VideoTVs.unity3d?BillboardVideoMP4_X" /> <!-- Free model by stepanprokop -->
			<property name="Class" value="Switch"/>		
            <property name="DisplayType" value="blockElectrical" />
            <property name="RequiredPower" value="0"/>
            <property name="CreativeMode" value="Player"/>
			<property name="TriggerType" value="Switch"/> 
			<property name="CustomIcon" value="Billboard" />
			<property name="MultiBlockDim" value="1,14,1" />
			<property name="Material" value="Mmetal_medium"/>
			<property name="IsTerrainDecoration" value="true"/>
			<property name="OnlySimpleRotations" value="true"/>
			<property name="Collide" value="movement,melee,bullet,arrow,rocket"/>
			<property name="StabilitySupport" value="true"/>
			<property name="ImposterDontBlock" value="true"/>
			<property name="Place" value="TowardsPlacerInverted"/>
			<property name="Stacknumber" value="1"/>
			<property name="TakeDelay" value="5"/>
			<property name="EconomicValue" value="2000"/>
			<property name="Group" value="Science"/>
			<property name="UnlockedBy" value="perkAdvancedEngineering"/>
			<property class="RepairItems"> <property name="resourceForgedIron" value="1"/> <property name="resourceElectricParts" value="3"/> </property>
			<drop event="Harvest" name="terrStone" count="0" tool_category="Disassemble"/>
			<drop event="Harvest" name="resourceElectricParts" count="1,4" tag="salvageHarvest"/> 
			<drop event="Destroy" name="resourceScrapIron" count="5" prob="1"/>
			<drop event="Fall" name="scrapMetalPile" count="1" prob="0.75" stick_chance="1"/>
		</block>


		<block name="Billboard01"> <!-- mechanical buildboard using a single texture sheet -->
			<property name="CreativeMode" value="Player"/>
			<property name="Shape" value="ModelEntity" />
			<property name="Model" value="#@modfolder:Resources/VideoTVs.unity3d?Billboard01_X" /> <!-- Free model by koiko90 -->
			<property name="Class" value="Switch"/>		
            <property name="DisplayType" value="blockElectrical" />
            <property name="RequiredPower" value="0"/>
            <property name="CreativeMode" value="Player"/>
			<property name="TriggerType" value="Switch"/> 
			<property name="CustomIcon" value="Billboard" />
			<property name="MultiBlockDim" value="1,14,1" />
			<property name="Material" value="Mmetal_medium"/>
			<property name="IsTerrainDecoration" value="true"/>
			<property name="OnlySimpleRotations" value="true"/>
			<property name="Collide" value="movement,melee,bullet,arrow,rocket"/>
			<property name="StabilitySupport" value="true"/>
			<property name="ImposterDontBlock" value="true"/>
			<property name="Place" value="TowardsPlacerInverted"/>
			<property name="Stacknumber" value="1"/>
			<property name="TakeDelay" value="5"/>
			<property name="EconomicValue" value="2000"/>
			<property name="Group" value="Science"/>
			<property name="UnlockedBy" value="perkAdvancedEngineering"/>
			<property class="RepairItems"> <property name="resourceForgedIron" value="1"/> <property name="resourceElectricParts" value="3"/> </property>
			<drop event="Harvest" name="terrStone" count="0" tool_category="Disassemble"/>
			<drop event="Harvest" name="resourceElectricParts" count="1,4" tag="salvageHarvest"/> 
			<drop event="Destroy" name="resourceScrapIron" count="5" prob="1"/>
			<drop event="Fall" name="scrapMetalPile" count="1" prob="0.75" stick_chance="1"/>
		</block>	

		<block name="BillboardPOIActive"> <!-- mechanical buildboard using a single texture sheet -->
			<property name="CreativeMode" value="Player"/>
			<property name="Shape" value="ModelEntity" />
			<property name="Model" value="#@modfolder:Resources/VideoTVs.unity3d?Billboard01_X" /> <!-- Free model by koiko90 -->
			<property name="Class" value="BlockPowered"/>	
            <property name="DisplayType" value="blockElectrical" />
			<property name="RuntimeSwitch" value="true"/> 
			<property name="UnlockedBy" value="perkAdvancedEngineering"/>
            <property name="RequiredPower" value="-1"/>
			<property name="PoweredType" value=""/>
			<property name="CustomIcon" value="Billboard" />
			<property name="MultiBlockDim" value="1,14,1" />
			<property name="Material" value="Mmetal_medium"/>
			<property name="IsTerrainDecoration" value="true"/>
			<property name="OnlySimpleRotations" value="true"/>
			<property name="Collide" value="movement,melee,bullet,arrow,rocket"/>
			<property name="StabilitySupport" value="true"/>
			<property name="ImposterDontBlock" value="true"/>
			<property name="Place" value="TowardsPlacerInverted"/>
			<property name="Stacknumber" value="1"/>
			<property name="TakeDelay" value="5"/>
			<property name="EconomicValue" value="2000"/>
			<property name="Group" value="Science"/>
			<property name="UnlockedBy" value="perkAdvancedEngineering"/>
			<property class="RepairItems"> <property name="resourceForgedIron" value="1"/> <property name="resourceElectricParts" value="3"/> </property>
			<drop event="Harvest" name="terrStone" count="0" tool_category="Disassemble"/>
			<drop event="Harvest" name="resourceElectricParts" count="1,4" tag="salvageHarvest"/> 
			<drop event="Destroy" name="resourceScrapIron" count="5" prob="1"/>
			<drop event="Fall" name="scrapMetalPile" count="1" prob="0.75" stick_chance="1"/>
		</block>	




		
	</append>
</configs>