﻿<configs>
	<!--    // SMX // Conversation NPC Window - NOT CLEANED -->

	<remove xpath="/windows/window[@name='windowRespondentName']"/>

	<append xpath="/windows">

		<window name="windowLockPicking" pos="0, 60" width="600" height="600" anchor="CenterCenter"
		controller="PickLocking, SCore" cursor_area="true">
			<panel name="header" height="43" depth="1" backgroundspritename="ui_game_panel_header">
				<sprite depth="2" name="windowIcon" style="icon32px" pos="4,-5" sprite="ui_game_symbol_pen"/>
				<label style="header.name" text_key="Enter Numeric Pathing Code" width="200"/>
			</panel>
			<rect name="content" pos="0,-46" width="500" height="500" depth="1">
				<sprite depth="8" name="backgroundMain" sprite="menu_empty3px" pos="0,0" color="[black]" type="sliced"
				fillcenter="false"/>
				<sprite color="[darkGrey]" type="sliced"/>
				<textfield name="txtPassword" depth="2" pos="10,-8" width="280" height="32"/>
			</rect>
			<simplebutton name="btnCancel" depth="3" pos="0, -94" width="150" height="36" font_size="32"
			caption_key="xuiCancel"/>
			<simplebutton name="btnOk" depth="3" pos="300, -94" pivot="right" width="150" height="36" font_size="32"
			caption_key="xuiSubmit"/>
		</window>
		<window name="windowPathFindingKeypad" pos="-150, 60" width="300" height="120" anchor="CenterCenter"
		controller="PathFindingKeypadWindow, SCore" cursor_area="true">
			<panel name="header" height="43" depth="1" backgroundspritename="ui_game_panel_header">
				<sprite depth="2" name="windowIcon" style="icon32px" pos="4,-5" sprite="ui_game_symbol_pen"/>
				<label style="header.name" text_key="Enter Numeric Pathing Code" width="200"/>
			</panel>
			<rect name="content" pos="0,-46" height="50" depth="1">
				<sprite depth="8" name="backgroundMain" sprite="menu_empty3px" pos="0,0" color="[black]" type="sliced"
				fillcenter="false"/>
				<sprite color="[darkGrey]" type="sliced"/>
				<textfield name="txtPassword" depth="2" pos="10,-8" width="280" height="32"/>
			</rect>
			<simplebutton name="btnCancel" depth="3" pos="0, -94" width="150" height="36" font_size="32"
			caption_key="xuiCancel"/>
			<simplebutton name="btnOk" depth="3" pos="300, -94" pivot="right" width="150" height="36" font_size="32"
			caption_key="xuiSubmit"/>
		</window>

		<window name="windowRespondentName" depth="0" pos="0,-15" width="1000" height="400"
		controller="DialogRespondentNameSDX, SCore">
			<texture name="SMXskillListBG" pos="0,-50" size="1000,200" style="SMX.conversation.player.background"
			pivot="top"/>
			<rect name="content" depth="1">
				<label name="header.name" pos="0,-10" size="1000,200" style="SMX.general.panel.title"
				text="{respondentname}" color="[white]" pivot="center"/>
			</rect>
		</window>
	</append>
	<!--    // SMX // Conversation Statements Window - NOT CLEANED -->

	<remove xpath="/windows/window[@name='windowStatement']"/>
	<append xpath="/windows">
		<window name="windowStatement" depth="1" pos="0,-100" width="1000" height="200"
		controller="DialogStatementWindow">
			<rect name="content" depth="1">
				<label name="statementLabel" depth="3" pos="0,-25" size="800,200" text="{statement}" font_size="30"
				justify="left" pivot="top" overflow="resizeheight"/>
			</rect>
		</window>

	</append>
	<!--    // SMX // Conversation Player Window - NOT CLEANED -->

	<remove xpath="/windows/window[@name='windowResponses']"/>
	<append xpath="/windows">
		<window name="windowResponses" depth="0" pos="0,150" controller="CharacterFrameWindow" defaultcolor="[white]"
		hoveredcolor="[selectedColor]" cursor_area="true">
			<texture name="SMXskillListBG" pos="0,-50" size="1000,200" style="SMX.conversation.player.background"
			pivot="center"/>
			<label name="characterName" pos="0,75" size="1000,80" style="SMX.general.panel.title" text=""
			color="[white]" pivot="center"/>
			<label depth="2" name="levelNumber" pos="99999,99999" width="80" height="28" text="" color="[lightGrey]"/>
			<panel name="previewFrame" depth="9" pos="-450,180" width="257" disableautobackground="true" snap="false">
				<rect>
					<texture depth="2" name="playerPreview" material="Materials/Transparent Colored" size="255,702"
					globalopacity="false"/>
				</rect>
			</panel>
			<grid name="items" pos="-165,30" rows="4" cols="2" width="500" height="150" cell_width="350"
			cell_height="40" repeat_content="true" arrangement="vertical" controller="DialogResponseList">
				<SMX_response_entry id="0"/>
			</grid>
		</window>

		<window name="windowHireInformation" depth="0" pos="0,-100" width="1000" height="80"
		controller="DialogHireInformationSDX, SCore">
			<texture name="SMXskillListBG" pos="0,-75" size="1000,80" style="SMX.conversation.trader.background"
			pivot="center"/>
			<rect name="content" depth="1">
				<label name="header.name" pos="0,-75" size="1000,80" style="SMX.general.panel.title"
				text="{HireInformation}" color="[white]" pivot="center"/>
			</rect>
		</window>

		<window name="windowHireInformationPopup" depth="0" pos="0,0" width="1000" height="80"
		controller="HireInformationPopupSDX, SCore">
			<panel name="HireInformationPopup" depth="10000" createuipanel="true" on_hover="true"
			disableautobackground="true">
				<rect pos="-200,-200" width="400" height="200">
					<panel pos="-20,20" width="440" height="240" clipping="softclip" clippingsoftness="20,20"
					disableautobackground="true">
						<sprite depth="0" name="backgroundMain" sprite="menu_empty" color="0,0,0,100" type="sliced"
						fillcenter="true"/>
					</panel>

					<panel name="header" pos="0,0" height="43" depth="1" backgroundspritename="ui_game_panel_header"
					bordercolor="[black]" borderthickness="3">
						<label style="header.name" name="panelheader" pos="6,-6" width="550"
						text="Would you like to hire me?"/>
					</panel>

					<rect pos="0,-50" height="106">
						<sprite depth="10" name="border" sprite="menu_empty2px" color="[black]" type="sliced"
						fillcenter="false" globalopacity="true" globalopacitymod="0.9"/>
						<sprite depth="0" name="backgroundMain" sprite="menu_empty3px" color="[mediumGrey]"
						type="sliced" fillcenter="true" globalopacitymod="2"/>

						<label name="HireInformationLabel" pos="10,-8" width="380" height="100" pivot="topleft"
						justify="left" depth="2"/>
					</rect>
					<rect pos="0, -164">
						<simplebutton name="btnCancel" depth="3" pos="0, 0" width="180" height="36" font_size="32"
						caption_key="xuiCancel"/>
						<simplebutton name="btnConfirm" depth="3" pos="400, 0" pivot="right" width="180" height="36"
						font_size="32" caption_key="xuiAccept"/>
					</rect>
				</rect>
			</panel>
		</window>
		<window name="windowJoinInformationPopup" depth="0" pos="0,0" width="1000" height="80"
		controller="JoinInformationPopupSDX, SCore">
			<panel name="JoinInformationPopup" depth="10000" createuipanel="true" on_hover="true"
			disableautobackground="true">
				<rect pos="-200,-200" width="400" height="200">
					<panel pos="-20,20" width="440" height="240" clipping="softclip" clippingsoftness="20,20"
					disableautobackground="true">
						<sprite depth="0" name="backgroundMain" sprite="menu_empty" color="0,0,0,100" type="sliced"
						fillcenter="true"/>
					</panel>

					<panel name="header" pos="0,0" height="43" depth="1" backgroundspritename="ui_game_panel_header"
					bordercolor="[black]" borderthickness="3">
						<label style="header.name" name="panelheader" pos="6,-6" width="550"
						text="Would you like to hire me?"/>
					</panel>

					<rect pos="0,-50" height="106">
						<sprite depth="10" name="border" sprite="menu_empty2px" color="[black]" type="sliced"
						fillcenter="false" globalopacity="true" globalopacitymod="0.9"/>
						<sprite depth="0" name="backgroundMain" sprite="menu_empty3px" color="[mediumGrey]"
						type="sliced" fillcenter="true" globalopacitymod="2"/>

						<label name="JoinInformationLabel" pos="10,-8" width="380" height="100" pivot="topleft"
						justify="left" depth="2"/>
					</rect>
					<rect pos="0, -164">
						<simplebutton name="btnCancel" depth="3" pos="0, 0" width="180" height="36" font_size="32"
						caption_key="xuiCancel"/>
						<simplebutton name="btnConfirm" depth="3" pos="400, 0" pivot="right" width="180" height="36"
						font_size="32" caption_key="xuiAccept"/>
					</rect>
				</rect>
			</panel>
		</window>

		<window name="NPCCharacterFrameWindow" width="327" height="700"
		controller="CharacterFrameWindowSDX, SCore" defaultcolor="[white]" hoveredcolor="[selectedColor]" cursor_area="true">

			<panel name="content" pos="10,-20" height="1000" depth="1" backgroundcolor="[darkGrey]" bordercolor="[black]" borderthickness="3" pivot="center">
				<sprite depth="8" name="backgroundMain" sprite="menu_empty3px" pos="0,0" height="1000" color="[black]" type="sliced" fillcenter="false"/>
				<label depth="3" name="descriptionText" pos="8,-10" width="544" text="{msgText}" crispness="Never" effect="outline" effect_distance="1,1" effect_color="[black]" font_size="12" overflow="resizeheight"/>
			</panel>
		</window>
	</append>
</configs>