﻿<?xml version="1.0" encoding="UTF-8"?>
<prefab>
  <property name="CopyAirBlocks" value="True" />
  <property name="ExcludeDistantPOIMesh" value="False" />
  <property name="ExcludePOICulling" value="False" />
  <property name="DistantPOIYOffset" value="0" />
  <property name="AllowTopSoilDecorations" value="False" />
  <property name="DifficultyTier" value="1" />
  <property name="ShowQuestClearCount" value="1" />
  <property name="TraderArea" value="False" />
  <property name="YOffset" value="-2" />
  <property name="RotationToFaceNorth" value="2" />
  <property name="SleeperVolumeSize" value="11, 5, 11" />
  <property name="SleeperVolumeStart" value="0, 0, 1" />
  <property name="SleeperVolumeGroupId" value="0" />
  <property name="SleeperVolumeGroup" value="S_-Group_Generic_Zombie,2,3" />
  <property name="SleeperIsLootVolume" value="False" />
  <property name="SleeperIsQuestExclude" value="False" />
  <property name="SleeperVolumeFlags" value="0" />
  <property name="Zoning" value="none" />
  <property name="SleeperIsBossVolume" value="False" />
  <property class="IndexedBlockOffsets">
    <property class="brBlock">
      <property name="0" value="3, 2, 3" />
    </property>
  </property>
  <property class="Stats">
    <property name="TotalVertices" value="10958" />
    <property name="TotalTriangles" value="13555" />
    <property class="BlockEntities">
      <property name="Vertices" value="9090" />
      <property name="Triangles" value="11739" />
    </property>
    <property class="ChunkMeshes0">
      <property name="Vertices" value="0" />
      <property name="Triangles" value="0" />
    </property>
    <property class="ChunkMeshes1">
      <property name="Vertices" value="1088" />
      <property name="Triangles" value="544" />
    </property>
    <property class="ChunkMeshes2">
      <property name="Vertices" value="0" />
      <property name="Triangles" value="0" />
    </property>
    <property class="ChunkMeshes3">
      <property name="Vertices" value="0" />
      <property name="Triangles" value="0" />
    </property>
    <property class="ChunkMeshes4">
      <property name="Vertices" value="0" />
      <property name="Triangles" value="0" />
    </property>
    <property class="ChunkMeshes5">
      <property name="Vertices" value="0" />
      <property name="Triangles" value="0" />
    </property>
    <property class="ChunkMeshes6">
      <property name="Vertices" value="0" />
      <property name="Triangles" value="0" />
    </property>
    <property class="ChunkMeshes7">
      <property name="Vertices" value="780" />
      <property name="Triangles" value="1272" />
    </property>
    <property class="ChunkMeshes8">
      <property name="Vertices" value="0" />
      <property name="Triangles" value="0" />
    </property>
    <property class="ChunkMeshes9">
      <property name="Vertices" value="0" />
      <property name="Triangles" value="0" />
    </property>
  </property>
</prefab>